text,label
"Brokerage upgrades Wipro Ltd to 'buy', lifts target price",positive
Regulator opens probe into Wipro Ltd accounting practices,negative
ICICI Bank Ltd clarifies media report on expansion plans,neutral
Nestle India Ltd announces record date for dividend,neutral
Tata Consultancy Services Ltd misses profit view as margins compress,negative
Maruti Suzuki India Ltd raises FY guidance after robust order inflows,positive
ITC Ltd launches new flagship product to positive reviews,positive
Infosys Ltd clarifies media report on expansion plans,neutral
Nestle India Ltd appoints new independent director,neutral
Mahindra & Mahindra Ltd clarifies media report on expansion plans,neutral
"Tata Motors Ltd CFO resigns abruptly, succession unclear",negative
"Brokerage upgrades Infosys Ltd to 'buy', lifts target price",positive
"Brokerage downgrades Hindustan Unilever Ltd, flags valuation risk",negative
"Infosys Ltd announces buyback, board clears proposal",positive
ICICI Bank Ltd announces record date for dividend,neutral
Reliance Industries Ltd completes scheduled maintenance shutdown,neutral
"Mahindra & Mahindra Ltd wins large multi-year deal, shares in focus",positive
ICICI Bank Ltd raises FY guidance after robust order inflows,positive
Tata Motors Ltd completes scheduled maintenance shutdown,neutral
Tata Motors Ltd cuts outlook citing weak demand environment,negative
"ITC Ltd wins large multi-year deal, shares in focus",positive
Nestle India Ltd misses profit view as margins compress,negative
Tata Consultancy Services Ltd completes scheduled maintenance shutdown,neutral
Tata Motors Ltd appoints new independent director,neutral
Court rules against HDFC Bank Ltd in long-running dispute,negative
Maruti Suzuki India Ltd completes scheduled maintenance shutdown,neutral
Maruti Suzuki India Ltd clarifies media report on expansion plans,neutral
Mahindra & Mahindra Ltd misses profit view as margins compress,negative
Maruti Suzuki India Ltd in talks to acquire smaller regional player,neutral
Oil & Natural Gas Corp Ltd appoints new independent director,neutral
"Mahindra & Mahindra Ltd CFO resigns abruptly, succession unclear",negative
Tata Consultancy Services Ltd to hold board meeting to consider results,neutral
"NTPC Ltd wins large multi-year deal, shares in focus",positive
"Brokerage upgrades ICICI Bank Ltd to 'buy', lifts target price",positive
Maruti Suzuki India Ltd announces record date for dividend,neutral
"Tata Motors Ltd wins large multi-year deal, shares in focus",positive
HDFC Bank Ltd raises FY guidance after robust order inflows,positive
Information Technology stocks fall on policy tightening worries,negative
Wipro Ltd launches new flagship product to positive reviews,positive
ICICI Bank Ltd in talks to acquire smaller regional player,neutral
HDFC Bank Ltd announces record date for dividend,neutral
HDFC Bank Ltd cuts outlook citing weak demand environment,negative
Tata Motors Ltd to hold board meeting to consider results,neutral
Maruti Suzuki India Ltd recalls units after quality complaints,negative
State Bank of India in talks to acquire smaller regional player,neutral
Regulator opens probe into ITC Ltd accounting practices,negative
Reliance Industries Ltd in talks to acquire smaller regional player,neutral
ICICI Bank Ltd launches new flagship product to positive reviews,positive
Mahindra & Mahindra Ltd announces record date for dividend,neutral
"Brokerage downgrades HDFC Bank Ltd, flags valuation risk",negative
Court rules against Wipro Ltd in long-running dispute,negative
State Bank of India appoints new independent director,neutral
Tata Consultancy Services Ltd misses profit view as margins compress,negative
Reliance Industries Ltd raises FY guidance after robust order inflows,positive
Oil & Natural Gas Corp Ltd to hold board meeting to consider results,neutral
Wipro Ltd beats quarterly estimates on strong demand,positive
Infosys Ltd launches new flagship product to positive reviews,positive
Hindustan Unilever Ltd recalls units after quality complaints,negative
Hindustan Unilever Ltd appoints new independent director,neutral
"Maruti Suzuki India Ltd announces buyback, board clears proposal",positive
Infosys Ltd clarifies media report on expansion plans,neutral
ICICI Bank Ltd to hold board meeting to consider results,neutral
Maruti Suzuki India Ltd cuts outlook citing weak demand environment,negative
"Tata Motors Ltd announces buyback, board clears proposal",positive
Reliance Industries Ltd cuts outlook citing weak demand environment,negative
HDFC Bank Ltd to hold board meeting to consider results,neutral
Regulator opens probe into Wipro Ltd accounting practices,negative
ITC Ltd to hold board meeting to consider results,neutral
"Infosys Ltd wins large multi-year deal, shares in focus",positive
ITC Ltd in talks to acquire smaller regional player,neutral
Infosys Ltd appoints new independent director,neutral
Tata Consultancy Services Ltd appoints new independent director,neutral
Nestle India Ltd clarifies media report on expansion plans,neutral
Oil & Natural Gas Corp Ltd in talks to acquire smaller regional player,neutral
Mahindra & Mahindra Ltd clarifies media report on expansion plans,neutral
NTPC Ltd clarifies media report on expansion plans,neutral
Regulator opens probe into Tata Consultancy Services Ltd accounting practices,negative
Regulator opens probe into Infosys Ltd accounting practices,negative
"Brokerage upgrades Reliance Industries Ltd to 'buy', lifts target price",positive
Nestle India Ltd clarifies media report on expansion plans,neutral
Reliance Industries Ltd appoints new independent director,neutral
"State Bank of India announces buyback, board clears proposal",positive
Wipro Ltd appoints new independent director,neutral
ICICI Bank Ltd raises FY guidance after robust order inflows,positive
Tata Motors Ltd misses profit view as margins compress,negative
Reliance Industries Ltd appoints new independent director,neutral
"ITC Ltd wins large multi-year deal, shares in focus",positive
Court rules against ICICI Bank Ltd in long-running dispute,negative
Reliance Industries Ltd beats quarterly estimates on strong demand,positive
NTPC Ltd beats quarterly estimates on strong demand,positive
Regulator opens probe into Mahindra & Mahindra Ltd accounting practices,negative
Oil & Natural Gas Corp Ltd announces record date for dividend,neutral
ITC Ltd appoints new independent director,neutral
"HDFC Bank Ltd wins large multi-year deal, shares in focus",positive
"Reliance Industries Ltd announces buyback, board clears proposal",positive
Tata Motors Ltd appoints new independent director,neutral
Oil & Natural Gas Corp Ltd appoints new independent director,neutral
Wipro Ltd recalls units after quality complaints,negative
Tata Consultancy Services Ltd recalls units after quality complaints,negative
"Maruti Suzuki India Ltd announces buyback, board clears proposal",positive
"Tata Consultancy Services Ltd CFO resigns abruptly, succession unclear",negative
Mahindra & Mahindra Ltd cuts outlook citing weak demand environment,negative
Hindustan Unilever Ltd clarifies media report on expansion plans,neutral
Hindustan Unilever Ltd announces record date for dividend,neutral
Maruti Suzuki India Ltd announces record date for dividend,neutral
Tata Motors Ltd to hold board meeting to consider results,neutral
Nestle India Ltd clarifies media report on expansion plans,neutral
State Bank of India in talks to acquire smaller regional player,neutral
"Brokerage downgrades ITC Ltd, flags valuation risk",negative
Nestle India Ltd in talks to acquire smaller regional player,neutral
ITC Ltd completes scheduled maintenance shutdown,neutral
Infosys Ltd clarifies media report on expansion plans,neutral
Infosys Ltd in talks to acquire smaller regional player,neutral
Mahindra & Mahindra Ltd raises FY guidance after robust order inflows,positive
Tata Consultancy Services Ltd cuts outlook citing weak demand environment,negative
Infosys Ltd clarifies media report on expansion plans,neutral
Nestle India Ltd recalls units after quality complaints,negative
Infosys Ltd launches new flagship product to positive reviews,positive
"Brokerage downgrades Hindustan Unilever Ltd, flags valuation risk",negative
"Wipro Ltd wins large multi-year deal, shares in focus",positive
Tata Consultancy Services Ltd appoints new independent director,neutral
"Brokerage downgrades ICICI Bank Ltd, flags valuation risk",negative
NTPC Ltd to hold board meeting to consider results,neutral
Oil & Natural Gas Corp Ltd launches new flagship product to positive reviews,positive
Regulator opens probe into Mahindra & Mahindra Ltd accounting practices,negative
ICICI Bank Ltd completes scheduled maintenance shutdown,neutral
Tata Consultancy Services Ltd launches new flagship product to positive reviews,positive
ICICI Bank Ltd confirms strategic restructuring plan,positive
ICICI Bank Ltd appoints new independent director,neutral
Hindustan Unilever Ltd raises FY guidance after robust order inflows,positive
Nestle India Ltd completes scheduled maintenance shutdown,neutral
Regulator opens probe into Tata Consultancy Services Ltd accounting practices,negative
Mahindra & Mahindra Ltd clarifies media report on expansion plans,neutral
"Tata Motors Ltd wins large multi-year deal, shares in focus",positive
Mahindra & Mahindra Ltd to hold board meeting to consider results,neutral
Wipro Ltd clarifies media report on expansion plans,neutral
"NTPC Ltd CFO resigns abruptly, succession unclear",negative
State Bank of India misses profit view as margins compress,negative
Tata Motors Ltd completes scheduled maintenance shutdown,neutral
Hindustan Unilever Ltd raises FY guidance after robust order inflows,positive
Mahindra & Mahindra Ltd completes scheduled maintenance shutdown,neutral
Infosys Ltd completes scheduled maintenance shutdown,neutral
HDFC Bank Ltd in talks to acquire smaller regional player,neutral
Nestle India Ltd to hold board meeting to consider results,neutral
Infosys Ltd announces record date for dividend,neutral
HDFC Bank Ltd recalls units after quality complaints,negative
ITC Ltd cuts outlook citing weak demand environment,negative
HDFC Bank Ltd to hold board meeting to consider results,neutral
"Oil & Natural Gas Corp Ltd announces buyback, board clears proposal",positive
"Tata Motors Ltd wins large multi-year deal, shares in focus",positive
"Brokerage upgrades Mahindra & Mahindra Ltd to 'buy', lifts target price",positive
ITC Ltd beats quarterly estimates on strong demand,positive
Tata Motors Ltd clarifies media report on expansion plans,neutral
NTPC Ltd recalls units after quality complaints,negative
HDFC Bank Ltd launches new flagship product to positive reviews,positive
Regulator opens probe into Nestle India Ltd accounting practices,negative
Tata Consultancy Services Ltd misses profit view as margins compress,negative
"Brokerage upgrades HDFC Bank Ltd to 'buy', lifts target price",positive
"Nestle India Ltd announces buyback, board clears proposal",positive
Tata Motors Ltd appoints new independent director,neutral
Nestle India Ltd completes scheduled maintenance shutdown,neutral
"Brokerage upgrades Maruti Suzuki India Ltd to 'buy', lifts target price",positive
Tata Motors Ltd beats quarterly estimates on strong demand,positive
Maruti Suzuki India Ltd misses profit view as margins compress,negative
Reliance Industries Ltd to hold board meeting to consider results,neutral
Nestle India Ltd launches new flagship product to positive reviews,positive
Mahindra & Mahindra Ltd completes scheduled maintenance shutdown,neutral
Wipro Ltd misses profit view as margins compress,negative
"Mahindra & Mahindra Ltd CFO resigns abruptly, succession unclear",negative
ICICI Bank Ltd completes scheduled maintenance shutdown,neutral
Mahindra & Mahindra Ltd appoints new independent director,neutral
Court rules against Tata Motors Ltd in long-running dispute,negative
Court rules against State Bank of India in long-running dispute,negative
State Bank of India completes scheduled maintenance shutdown,neutral
ITC Ltd announces record date for dividend,neutral
NTPC Ltd to hold board meeting to consider results,neutral
"Brokerage upgrades NTPC Ltd to 'buy', lifts target price",positive
Tata Consultancy Services Ltd announces record date for dividend,neutral
ICICI Bank Ltd appoints new independent director,neutral
Tata Consultancy Services Ltd to hold board meeting to consider results,neutral
Mahindra & Mahindra Ltd clarifies media report on expansion plans,neutral
"Maruti Suzuki India Ltd announces buyback, board clears proposal",positive
Mahindra & Mahindra Ltd misses profit view as margins compress,negative
Reliance Industries Ltd clarifies media report on expansion plans,neutral
"Brokerage downgrades Oil & Natural Gas Corp Ltd, flags valuation risk",negative
ITC Ltd launches new flagship product to positive reviews,positive
Regulator opens probe into NTPC Ltd accounting practices,negative
State Bank of India in talks to acquire smaller regional player,neutral
ICICI Bank Ltd cuts outlook citing weak demand environment,negative
Maruti Suzuki India Ltd in talks to acquire smaller regional player,neutral
Maruti Suzuki India Ltd appoints new independent director,neutral
Mahindra & Mahindra Ltd beats quarterly estimates on strong demand,positive
ITC Ltd announces record date for dividend,neutral
Tata Consultancy Services Ltd to hold board meeting to consider results,neutral
Oil & Natural Gas Corp Ltd clarifies media report on expansion plans,neutral
"Reliance Industries Ltd CFO resigns abruptly, succession unclear",negative
Tata Consultancy Services Ltd to hold board meeting to consider results,neutral
"Oil & Natural Gas Corp Ltd announces buyback, board clears proposal",positive
Tata Motors Ltd raises FY guidance after robust order inflows,positive
Regulator opens probe into Hindustan Unilever Ltd accounting practices,negative
Tata Consultancy Services Ltd completes scheduled maintenance shutdown,neutral
NTPC Ltd clarifies media report on expansion plans,neutral
Wipro Ltd in talks to acquire smaller regional player,neutral
"ITC Ltd CFO resigns abruptly, succession unclear",negative
Tata Motors Ltd beats profit estimates for the quarter,positive
HDFC Bank Ltd cuts outlook citing weak demand environment,negative
Oil & Natural Gas Corp Ltd announces record date for dividend,neutral
HDFC Bank Ltd misses profit view as margins compress,negative
Infosys Ltd completes scheduled maintenance shutdown,neutral
NTPC Ltd appoints new independent director,neutral
Maruti Suzuki India Ltd recalls units after quality complaints,negative
Tata Consultancy Services Ltd appoints new independent director,neutral
"NTPC Ltd wins large multi-year deal, shares in focus",positive
Tata Motors Ltd appoints new independent director,neutral
Mahindra & Mahindra Ltd to hold board meeting to consider results,neutral
ICICI Bank Ltd to hold board meeting to consider results,neutral
Mahindra & Mahindra Ltd to hold board meeting to consider results,neutral
Mahindra & Mahindra Ltd clarifies media report on expansion plans,neutral
Tata Consultancy Services Ltd raises FY guidance after robust order inflows,positive
State Bank of India to hold board meeting to consider results,neutral
Tata Motors Ltd launches new flagship product to positive reviews,positive
Oil & Natural Gas Corp Ltd clarifies media report on expansion plans,neutral
Infosys Ltd launches new flagship product to positive reviews,positive
State Bank of India cuts outlook citing weak demand environment,negative
"HDFC Bank Ltd wins large multi-year deal, shares in focus",positive
"State Bank of India CFO resigns abruptly, succession unclear",negative
Wipro Ltd to hold board meeting to consider results,neutral
State Bank of India to hold board meeting to consider results,neutral
"Maruti Suzuki India Ltd CFO resigns abruptly, succession unclear",negative
State Bank of India appoints new independent director,neutral
Court rules against Maruti Suzuki India Ltd in long-running dispute,negative
"HDFC Bank Ltd CFO resigns abruptly, succession unclear",negative
Hindustan Unilever Ltd clarifies media report on expansion plans,neutral
Oil & Natural Gas Corp Ltd in talks to acquire smaller regional player,neutral
State Bank of India misses profit view as margins compress,negative
Wipro Ltd misses profit view as margins compress,negative
Nestle India Ltd appoints new independent director,neutral
Tata Motors Ltd to hold board meeting to consider results,neutral
"Brokerage upgrades NTPC Ltd to 'buy', lifts target price",positive
"Brokerage downgrades HDFC Bank Ltd, flags valuation risk",negative
Hindustan Unilever Ltd beats quarterly estimates on strong demand,positive
HDFC Bank Ltd raises FY guidance after robust order inflows,positive
Maruti Suzuki India Ltd launches new flagship product to positive reviews,positive
Hindustan Unilever Ltd announces record date for dividend,neutral
HDFC Bank Ltd to hold board meeting to consider results,neutral
Hindustan Unilever Ltd beats quarterly estimates on strong demand,positive
HDFC Bank Ltd appoints new independent director,neutral
Wipro Ltd clarifies media report on expansion plans,neutral
Reliance Industries Ltd completes scheduled maintenance shutdown,neutral
"Brokerage upgrades ITC Ltd to 'buy', lifts target price",positive
Banking & Financials stocks fall on policy tightening worries,negative
"Tata Motors Ltd wins large multi-year deal, shares in focus",positive
HDFC Bank Ltd completes scheduled maintenance shutdown,neutral
"State Bank of India announces buyback, board clears proposal",positive
"Infosys Ltd announces buyback, board clears proposal",positive
Tata Motors Ltd announces record date for dividend,neutral
Infosys Ltd raises FY guidance after robust order inflows,positive
"Brokerage upgrades State Bank of India to 'buy', lifts target price",positive
Regulator opens probe into Mahindra & Mahindra Ltd accounting practices,negative
Wipro Ltd completes scheduled maintenance shutdown,neutral
State Bank of India to hold board meeting to consider results,neutral
"ITC Ltd wins large multi-year deal, shares in focus",positive
Oil & Natural Gas Corp Ltd completes scheduled maintenance shutdown,neutral
State Bank of India in talks to acquire smaller regional player,neutral
Regulator opens probe into HDFC Bank Ltd accounting practices,negative
"NTPC Ltd CFO resigns abruptly, succession unclear",negative
Court rules against Infosys Ltd in long-running dispute,negative
"Brokerage upgrades Tata Consultancy Services Ltd to 'buy', lifts target price",positive
ICICI Bank Ltd completes scheduled maintenance shutdown,neutral
Hindustan Unilever Ltd in talks to acquire smaller regional player,neutral
Regulator opens probe into Oil & Natural Gas Corp Ltd accounting practices,negative
State Bank of India to hold board meeting to consider results,neutral
"Mahindra & Mahindra Ltd announces buyback, board clears proposal",positive
State Bank of India announces record date for dividend,neutral
Maruti Suzuki India Ltd raises FY guidance after robust order inflows,positive
Oil & Natural Gas Corp Ltd to hold board meeting to consider results,neutral
NTPC Ltd announces record date for dividend,neutral
Court rules against Oil & Natural Gas Corp Ltd in long-running dispute,negative
"State Bank of India announces buyback, board clears proposal",positive
Tata Motors Ltd to hold board meeting to consider results,neutral
HDFC Bank Ltd to hold board meeting to consider results,neutral
"ITC Ltd wins large multi-year deal, shares in focus",positive
Maruti Suzuki India Ltd cuts outlook citing weak demand environment,negative
Court rules against Mahindra & Mahindra Ltd in long-running dispute,negative
Regulator opens probe into Oil & Natural Gas Corp Ltd accounting practices,negative
NTPC Ltd beats quarterly estimates on strong demand,positive
"Brokerage downgrades Tata Motors Ltd, flags valuation risk",negative
ICICI Bank Ltd misses profit view as margins compress,negative
HDFC Bank Ltd clarifies media report on expansion plans,neutral
NTPC Ltd to hold board meeting to consider results,neutral
ITC Ltd in talks to acquire smaller regional player,neutral
Reliance Industries Ltd misses profit view as margins compress,negative
Regulator opens probe into Hindustan Unilever Ltd accounting practices,negative
"Infosys Ltd wins large multi-year deal, shares in focus",positive
Mahindra & Mahindra Ltd misses profit view as margins compress,negative
Infosys Ltd clarifies media report on expansion plans,neutral
"Brokerage upgrades Tata Motors Ltd to 'buy', lifts target price",positive
Hindustan Unilever Ltd appoints new independent director,neutral
"Brokerage upgrades Oil & Natural Gas Corp Ltd to 'buy', lifts target price",positive
Wipro Ltd misses profit view as margins compress,negative
ITC Ltd appoints new independent director,neutral
Oil & Natural Gas Corp Ltd in talks to acquire smaller regional player,neutral
"Brokerage downgrades Tata Consultancy Services Ltd, flags valuation risk",negative
Court rules against Tata Consultancy Services Ltd in long-running dispute,negative
Nestle India Ltd clarifies media report on expansion plans,neutral
"Infosys Ltd CFO resigns abruptly, succession unclear",negative
ITC Ltd launches new flagship product to positive reviews,positive
HDFC Bank Ltd in talks to acquire smaller regional player,neutral
Reliance Industries Ltd raises FY guidance after robust order inflows,positive
Hindustan Unilever Ltd appoints new independent director,neutral
Regulator opens probe into Reliance Industries Ltd accounting practices,negative
Reliance Industries Ltd clarifies media report on expansion plans,neutral
Mahindra & Mahindra Ltd in talks to acquire smaller regional player,neutral
Hindustan Unilever Ltd to hold board meeting to consider results,neutral
Tata Motors Ltd appoints new independent director,neutral
Mahindra & Mahindra Ltd to hold board meeting to consider results,neutral
Reliance Industries Ltd recalls units after quality complaints,negative
Infosys Ltd appoints new independent director,neutral
Tata Motors Ltd launches new flagship product to positive reviews,positive
ITC Ltd clarifies media report on expansion plans,neutral
ICICI Bank Ltd launches new flagship product to positive reviews,positive
Global markets slide as risk sentiment sours,negative
ICICI Bank Ltd in talks to acquire smaller regional player,neutral
"Nestle India Ltd wins large multi-year deal, shares in focus",positive
Mahindra & Mahindra Ltd announces record date for dividend,neutral
ICICI Bank Ltd clarifies media report on expansion plans,neutral
Tata Motors Ltd beats quarterly estimates on strong demand,positive
"Brokerage downgrades Tata Motors Ltd, flags valuation risk",negative
ITC Ltd appoints new independent director,neutral
Mahindra & Mahindra Ltd beats quarterly estimates on strong demand,positive
Maruti Suzuki India Ltd beats quarterly estimates on strong demand,positive
"Mahindra & Mahindra Ltd wins large multi-year deal, shares in focus",positive
Oil & Natural Gas Corp Ltd to hold board meeting to consider results,neutral
Infosys Ltd misses profit view as margins compress,negative
Court rules against Reliance Industries Ltd in long-running dispute,negative
Hindustan Unilever Ltd raises FY guidance after robust order inflows,positive
Court rules against Hindustan Unilever Ltd in long-running dispute,negative
"Brokerage downgrades Mahindra & Mahindra Ltd, flags valuation risk",negative
"Brokerage upgrades Oil & Natural Gas Corp Ltd to 'buy', lifts target price",positive
Nestle India Ltd clarifies media report on expansion plans,neutral
NTPC Ltd recalls units after quality complaints,negative
"State Bank of India wins large multi-year deal, shares in focus",positive
Oil & Natural Gas Corp Ltd appoints new independent director,neutral
"Maruti Suzuki India Ltd announces buyback, board clears proposal",positive
"State Bank of India wins large multi-year deal, shares in focus",positive
"Wipro Ltd CFO resigns abruptly, succession unclear",negative
Tata Motors Ltd beats quarterly estimates on strong demand,positive
Nestle India Ltd announces record date for dividend,neutral
Maruti Suzuki India Ltd appoints new independent director,neutral
NTPC Ltd appoints new independent director,neutral
"Reliance Industries Ltd announces buyback, board clears proposal",positive
Tata Consultancy Services Ltd raises FY guidance after robust order inflows,positive
Reliance Industries Ltd confirms strategic restructuring plan,positive
Court rules against Oil & Natural Gas Corp Ltd in long-running dispute,negative
ICICI Bank Ltd in talks to acquire smaller regional player,neutral
Tata Consultancy Services Ltd announces record date for dividend,neutral
Oil & Natural Gas Corp Ltd appoints new independent director,neutral
Nestle India Ltd in talks to acquire smaller regional player,neutral
"Brokerage downgrades Hindustan Unilever Ltd, flags valuation risk",negative
State Bank of India beats quarterly estimates on strong demand,positive
Oil & Natural Gas Corp Ltd clarifies media report on expansion plans,neutral
Regulator opens probe into Tata Consultancy Services Ltd accounting practices,negative
Tata Consultancy Services Ltd announces record date for dividend,neutral
"ITC Ltd CFO resigns abruptly, succession unclear",negative
State Bank of India raises FY guidance after robust order inflows,positive
HDFC Bank Ltd appoints new independent director,neutral
Nestle India Ltd launches new flagship product to positive reviews,positive
ITC Ltd in talks to acquire smaller regional player,neutral
Court rules against Reliance Industries Ltd in long-running dispute,negative
"Tata Consultancy Services Ltd announces buyback, board clears proposal",positive
Hindustan Unilever Ltd to hold board meeting to consider results,neutral
Mahindra & Mahindra Ltd raises FY guidance after robust order inflows,positive
Tata Motors Ltd appoints new independent director,neutral
"Nestle India Ltd announces buyback, board clears proposal",positive
Nestle India Ltd launches new flagship product to positive reviews,positive
"Brokerage downgrades State Bank of India, flags valuation risk",negative
NTPC Ltd in talks to acquire smaller regional player,neutral
Mahindra & Mahindra Ltd completes scheduled maintenance shutdown,neutral
Maruti Suzuki India Ltd to hold board meeting to consider results,neutral
"ICICI Bank Ltd wins large multi-year deal, shares in focus",positive
ITC Ltd clarifies media report on expansion plans,neutral
Maruti Suzuki India Ltd raises FY guidance after robust order inflows,positive
Regulator opens probe into Hindustan Unilever Ltd accounting practices,negative
Tata Consultancy Services Ltd in talks to acquire smaller regional player,neutral
Wipro Ltd completes scheduled maintenance shutdown,neutral
"Infosys Ltd CFO resigns abruptly, succession unclear",negative
Maruti Suzuki India Ltd in talks to acquire smaller regional player,neutral
Wipro Ltd announces record date for dividend,neutral
Global markets slide as risk sentiment sours,negative
Infosys Ltd appoints new independent director,neutral
Hindustan Unilever Ltd launches new flagship product to positive reviews,positive
"Brokerage upgrades Maruti Suzuki India Ltd to 'buy', lifts target price",positive
Reliance Industries Ltd clarifies media report on expansion plans,neutral
NTPC Ltd announces record date for dividend,neutral
NTPC Ltd misses profit view as margins compress,negative
Nestle India Ltd beats quarterly estimates on strong demand,positive
Oil & Natural Gas Corp Ltd completes scheduled maintenance shutdown,neutral
"Nestle India Ltd wins large multi-year deal, shares in focus",positive
"Brokerage upgrades Reliance Industries Ltd to 'buy', lifts target price",positive
"Oil & Natural Gas Corp Ltd CFO resigns abruptly, succession unclear",negative
NTPC Ltd beats quarterly estimates on strong demand,positive
Tata Consultancy Services Ltd clarifies media report on expansion plans,neutral
Mahindra & Mahindra Ltd completes scheduled maintenance shutdown,neutral
NTPC Ltd clarifies media report on expansion plans,neutral
Maruti Suzuki India Ltd launches new flagship product to positive reviews,positive
"Brokerage upgrades Oil & Natural Gas Corp Ltd to 'buy', lifts target price",positive
Maruti Suzuki India Ltd to hold board meeting to consider results,neutral
HDFC Bank Ltd clarifies media report on expansion plans,neutral
NTPC Ltd in talks to acquire smaller regional player,neutral
"Brokerage upgrades Mahindra & Mahindra Ltd to 'buy', lifts target price",positive
"Brokerage upgrades Mahindra & Mahindra Ltd to 'buy', lifts target price",positive
Tata Consultancy Services Ltd recalls units after quality complaints,negative
"Wipro Ltd wins large multi-year deal, shares in focus",positive
ICICI Bank Ltd recalls units after quality complaints,negative
"Brokerage downgrades Tata Motors Ltd, flags valuation risk",negative
Reliance Industries Ltd completes scheduled maintenance shutdown,neutral
NTPC Ltd raises FY guidance after robust order inflows,positive
ITC Ltd in talks to acquire smaller regional player,neutral
"HDFC Bank Ltd announces buyback, board clears proposal",positive
Oil & Natural Gas Corp Ltd launches new flagship product to positive reviews,positive
Court rules against Nestle India Ltd in long-running dispute,negative
Reliance Industries Ltd in talks to acquire smaller regional player,neutral
NTPC Ltd in talks to acquire smaller regional player,neutral
Oil & Natural Gas Corp Ltd recalls units after quality complaints,negative
HDFC Bank Ltd swings in a wide range amid uncertainty,neutral
"Oil & Natural Gas Corp Ltd wins large multi-year deal, shares in focus",positive
"State Bank of India wins large multi-year deal, shares in focus",positive
"State Bank of India CFO resigns abruptly, succession unclear",negative
Maruti Suzuki India Ltd raises FY guidance after robust order inflows,positive
State Bank of India clarifies media report on expansion plans,neutral
Infosys Ltd completes scheduled maintenance shutdown,neutral
NTPC Ltd in talks to acquire smaller regional player,neutral
Tata Consultancy Services Ltd launches new flagship product to positive reviews,positive
Infosys Ltd appoints new independent director,neutral
"NTPC Ltd CFO resigns abruptly, succession unclear",negative
ITC Ltd appoints new independent director,neutral
Infosys Ltd announces record date for dividend,neutral
Mahindra & Mahindra Ltd clarifies media report on expansion plans,neutral
Nestle India Ltd in talks to acquire smaller regional player,neutral
HDFC Bank Ltd completes scheduled maintenance shutdown,neutral
Mahindra & Mahindra Ltd in talks to acquire smaller regional player,neutral
Oil & Natural Gas Corp Ltd misses profit view as margins compress,negative
"Tata Consultancy Services Ltd wins large multi-year deal, shares in focus",positive
Reliance Industries Ltd appoints new independent director,neutral
Mahindra & Mahindra Ltd raises FY guidance after robust order inflows,positive
Infosys Ltd recalls units after quality complaints,negative
Court rules against NTPC Ltd in long-running dispute,negative
HDFC Bank Ltd raises FY guidance after robust order inflows,positive
Regulator opens probe into Nestle India Ltd accounting practices,negative
Maruti Suzuki India Ltd clarifies media report on expansion plans,neutral
"Brokerage upgrades Reliance Industries Ltd to 'buy', lifts target price",positive
Court rules against ITC Ltd in long-running dispute,negative
Wipro Ltd in talks to acquire smaller regional player,neutral
NTPC Ltd completes scheduled maintenance shutdown,neutral
Infosys Ltd cuts outlook citing weak demand environment,negative
Oil & Natural Gas Corp Ltd completes scheduled maintenance shutdown,neutral
HDFC Bank Ltd in talks to acquire smaller regional player,neutral
"ITC Ltd announces buyback, board clears proposal",positive
HDFC Bank Ltd misses profit view as margins compress,negative
Reliance Industries Ltd clarifies media report on expansion plans,neutral
Wipro Ltd announces record date for dividend,neutral
HDFC Bank Ltd misses profit view as margins compress,negative
Tata Consultancy Services Ltd completes scheduled maintenance shutdown,neutral
State Bank of India misses profit view as margins compress,negative
State Bank of India recalls units after quality complaints,negative
Hindustan Unilever Ltd clarifies media report on expansion plans,neutral
Oil & Natural Gas Corp Ltd appoints new independent director,neutral
HDFC Bank Ltd beats quarterly estimates on strong demand,positive
Court rules against Tata Motors Ltd in long-running dispute,negative
ITC Ltd recalls units after quality complaints,negative
NTPC Ltd cuts outlook citing weak demand environment,negative
Tata Motors Ltd appoints new independent director,neutral
Mahindra & Mahindra Ltd appoints new independent director,neutral
Maruti Suzuki India Ltd launches new flagship product to positive reviews,positive
Nestle India Ltd misses profit view as margins compress,negative
"Brokerage upgrades ITC Ltd to 'buy', lifts target price",positive
Court rules against Infosys Ltd in long-running dispute,negative
"Brokerage upgrades Hindustan Unilever Ltd to 'buy', lifts target price",positive
HDFC Bank Ltd raises FY guidance after robust order inflows,positive
Oil & Natural Gas Corp Ltd to hold board meeting to consider results,neutral
"Wipro Ltd wins large multi-year deal, shares in focus",positive
Wipro Ltd misses profit view as margins compress,negative
"Brokerage upgrades Oil & Natural Gas Corp Ltd to 'buy', lifts target price",positive
"NTPC Ltd announces buyback, board clears proposal",positive
Court rules against Infosys Ltd in long-running dispute,negative
Reliance Industries Ltd completes scheduled maintenance shutdown,neutral
ITC Ltd beats quarterly estimates on strong demand,positive
"Nestle India Ltd wins large multi-year deal, shares in focus",positive
Nestle India Ltd announces record date for dividend,neutral
State Bank of India announces record date for dividend,neutral
Nestle India Ltd announces record date for dividend,neutral
"Mahindra & Mahindra Ltd wins large multi-year deal, shares in focus",positive
Court rules against HDFC Bank Ltd in long-running dispute,negative
ICICI Bank Ltd launches new flagship product to positive reviews,positive
Mahindra & Mahindra Ltd in talks to acquire smaller regional player,neutral
Wipro Ltd clarifies media report on expansion plans,neutral
Tata Consultancy Services Ltd beats quarterly estimates on strong demand,positive
Tata Motors Ltd announces record date for dividend,neutral
State Bank of India appoints new independent director,neutral
ITC Ltd demerger buzz lifts turnover,neutral
Tata Consultancy Services Ltd in talks to acquire smaller regional player,neutral
Hindustan Unilever Ltd appoints new independent director,neutral
Wipro Ltd raises FY guidance after robust order inflows,positive
Tata Consultancy Services Ltd completes scheduled maintenance shutdown,neutral
Mahindra & Mahindra Ltd in talks to acquire smaller regional player,neutral
HDFC Bank Ltd in talks to acquire smaller regional player,neutral
State Bank of India clarifies media report on expansion plans,neutral
NTPC Ltd in talks to acquire smaller regional player,neutral
NTPC Ltd announces record date for dividend,neutral
Infosys Ltd to hold board meeting to consider results,neutral
Nestle India Ltd clarifies media report on expansion plans,neutral
NTPC Ltd recalls units after quality complaints,negative
Mahindra & Mahindra Ltd cuts outlook citing weak demand environment,negative
ICICI Bank Ltd completes scheduled maintenance shutdown,neutral
ICICI Bank Ltd appoints new independent director,neutral
Hindustan Unilever Ltd beats quarterly estimates on strong demand,positive
Oil & Natural Gas Corp Ltd in talks to acquire smaller regional player,neutral
ITC Ltd misses profit view as margins compress,negative
"State Bank of India wins large multi-year deal, shares in focus",positive
"Oil & Natural Gas Corp Ltd CFO resigns abruptly, succession unclear",negative
"Brokerage downgrades Infosys Ltd, flags valuation risk",negative
NTPC Ltd completes scheduled maintenance shutdown,neutral
"State Bank of India announces buyback, board clears proposal",positive
Oil & Natural Gas Corp Ltd beats quarterly estimates on strong demand,positive
Infosys Ltd appoints new independent director,neutral
HDFC Bank Ltd launches new flagship product to positive reviews,positive
ITC Ltd in talks to acquire smaller regional player,neutral
Maruti Suzuki India Ltd clarifies media report on expansion plans,neutral
Maruti Suzuki India Ltd appoints new independent director,neutral
ITC Ltd raises FY guidance after robust order inflows,positive
Tata Motors Ltd recalls units after quality complaints,negative
"Wipro Ltd CFO resigns abruptly, succession unclear",negative
Oil & Natural Gas Corp Ltd misses profit view as margins compress,negative
"Brokerage upgrades NTPC Ltd to 'buy', lifts target price",positive
"Brokerage upgrades State Bank of India to 'buy', lifts target price",positive
Mahindra & Mahindra Ltd appoints new independent director,neutral
State Bank of India announces record date for dividend,neutral
Tata Motors Ltd completes scheduled maintenance shutdown,neutral
Tata Consultancy Services Ltd clarifies media report on expansion plans,neutral
Tata Motors Ltd in talks to acquire smaller regional player,neutral
HDFC Bank Ltd completes scheduled maintenance shutdown,neutral
ITC Ltd raises FY guidance after robust order inflows,positive
Nestle India Ltd raises FY guidance after robust order inflows,positive
Court rules against Reliance Industries Ltd in long-running dispute,negative
Hindustan Unilever Ltd raises FY guidance after robust order inflows,positive
Tata Consultancy Services Ltd beats quarterly estimates on strong demand,positive
Tata Motors Ltd cuts outlook citing weak demand environment,negative
Reliance Industries Ltd misses profit view as margins compress,negative
Infosys Ltd recalls units after quality complaints,negative
"Maruti Suzuki India Ltd wins large multi-year deal, shares in focus",positive
Regulator opens probe into Tata Motors Ltd accounting practices,negative
Infosys Ltd beats profit estimates for the quarter,positive
Mahindra & Mahindra Ltd completes scheduled maintenance shutdown,neutral
"ITC Ltd CFO resigns abruptly, succession unclear",negative
"Reliance Industries Ltd wins large multi-year deal, shares in focus",positive
"Brokerage upgrades State Bank of India to 'buy', lifts target price",positive
ITC Ltd clarifies media report on expansion plans,neutral
Tata Consultancy Services Ltd completes scheduled maintenance shutdown,neutral
Infosys Ltd raises FY guidance after robust order inflows,positive
ITC Ltd clarifies media report on expansion plans,neutral
ICICI Bank Ltd misses profit view as margins compress,negative
ICICI Bank Ltd completes scheduled maintenance shutdown,neutral
Oil & Natural Gas Corp Ltd raises FY guidance after robust order inflows,positive
"Wipro Ltd wins large multi-year deal, shares in focus",positive
"Brokerage upgrades Infosys Ltd to 'buy', lifts target price",positive
Hindustan Unilever Ltd announces record date for dividend,neutral
HDFC Bank Ltd announces record date for dividend,neutral
HDFC Bank Ltd to hold board meeting to consider results,neutral
ITC Ltd launches new flagship product to positive reviews,positive
"Brokerage upgrades Mahindra & Mahindra Ltd to 'buy', lifts target price",positive
Mahindra & Mahindra Ltd completes scheduled maintenance shutdown,neutral
"Brokerage downgrades Nestle India Ltd, flags valuation risk",negative
Maruti Suzuki India Ltd announces record date for dividend,neutral
Reliance Industries Ltd launches new flagship product to positive reviews,positive
Court rules against NTPC Ltd in long-running dispute,negative
HDFC Bank Ltd misses profit view as margins compress,negative
"Tata Motors Ltd announces buyback, board clears proposal",positive
Maruti Suzuki India Ltd to hold board meeting to consider results,neutral
Mahindra & Mahindra Ltd announces record date for dividend,neutral
Tata Consultancy Services Ltd launches new flagship product to positive reviews,positive
HDFC Bank Ltd clarifies media report on expansion plans,neutral
Court rules against NTPC Ltd in long-running dispute,negative
Regulator opens probe into Hindustan Unilever Ltd accounting practices,negative
NTPC Ltd in talks to acquire smaller regional player,neutral
NTPC Ltd beats quarterly estimates on strong demand,positive
"State Bank of India CFO resigns abruptly, succession unclear",negative
Tata Motors Ltd clarifies media report on expansion plans,neutral
Regulator opens probe into Maruti Suzuki India Ltd accounting practices,negative
Reliance Industries Ltd cuts outlook citing weak demand environment,negative
"Brokerage upgrades NTPC Ltd to 'buy', lifts target price",positive
Infosys Ltd recalls units after quality complaints,negative
"Infosys Ltd wins large multi-year deal, shares in focus",positive
Infosys Ltd to hold board meeting to consider results,neutral
State Bank of India to hold board meeting to consider results,neutral
"Mahindra & Mahindra Ltd wins large multi-year deal, shares in focus",positive
State Bank of India announces record date for dividend,neutral
State Bank of India clarifies media report on expansion plans,neutral
Infosys Ltd launches new flagship product to positive reviews,positive
Infosys Ltd to hold board meeting to consider results,neutral
Tata Motors Ltd completes scheduled maintenance shutdown,neutral
State Bank of India recalls units after quality complaints,negative
Mahindra & Mahindra Ltd completes scheduled maintenance shutdown,neutral
Wipro Ltd announces record date for dividend,neutral
Regulator opens probe into Tata Consultancy Services Ltd accounting practices,negative
Tata Motors Ltd clarifies media report on expansion plans,neutral
Wipro Ltd appoints new independent director,neutral
Tata Motors Ltd clarifies media report on expansion plans,neutral
Regulator opens probe into Mahindra & Mahindra Ltd accounting practices,negative
Court rules against NTPC Ltd in long-running dispute,negative
